stops,measured_Z8_HLG_IRE,source_chart_HLG_theory_IRE,calibrated_BT2100_HLG_IRE,final_reverse_curve_IRE,region
-10.00000000,3.0819463514,1.1640884475,1.1261549558,0.3981559029,shadow_linear_connection
-9.98000000,3.0907745637,1.1622473972,1.1339879829,0.4037139522,shadow_linear_connection
-9.96000000,3.0984371682,1.1632311493,1.1418754931,0.4093495890,shadow_linear_connection
-9.94000000,3.1050051149,1.1667920442,1.1498178653,0.4150638963,shadow_linear_connection
-9.92000000,3.1105493538,1.1726824222,1.1578154810,0.4208579724,shadow_linear_connection
-9.90000000,3.1151408351,1.1806546238,1.1658687245,0.4267329307,shadow_linear_connection
-9.88000000,3.1188505087,1.1904609893,1.1739779828,0.4326899004,shadow_linear_connection
-9.86000000,3.1217493246,1.2018538592,1.1821436454,0.4387300264,shadow_linear_connection
-9.84000000,3.1239082330,1.2145855737,1.1903661047,0.4448544693,shadow_linear_connection
-9.82000000,3.1253981839,1.2284084733,1.1986457557,0.4510644063,shadow_linear_connection
-9.80000000,3.1262901273,1.2430748985,1.2069829963,0.4573610307,shadow_linear_connection
-9.78000000,3.1266550132,1.2583371895,1.2153782269,0.4637455528,shadow_linear_connection
-9.76000000,3.1265637917,1.2739476867,1.2238318510,0.4702191995,shadow_linear_connection
-9.74000000,3.1260874129,1.2896587306,1.2323442747,0.4767832149,shadow_linear_connection
-9.72000000,3.1252968267,1.3052226616,1.2409159070,0.4834388605,shadow_linear_connection
-9.70000000,3.1242629832,1.3203918199,1.2495471597,0.4901874155,shadow_linear_connection
-9.68000000,3.1204033010,1.3330013176,1.2582384476,0.4970301769,shadow_linear_connection
-9.66000000,3.1204033010,1.3422155241,1.2669901881,0.5039684596,shadow_linear_connection
-9.64000000,3.1204033010,1.3471314752,1.2758028017,0.5110035971,shadow_linear_connection
-9.62000000,3.1204033010,1.3517672388,1.2846767120,0.5181369415,shadow_linear_connection
-9.60000000,3.1204033010,1.3575661784,1.2936123452,0.5253698637,shadow_linear_connection
-9.58000000,3.1204033010,1.3641350331,1.3026101306,0.5327037536,shadow_linear_connection
-9.56000000,3.1204033010,1.3710805422,1.3116705005,0.5401400209,shadow_linear_connection
-9.54000000,3.1204033010,1.3780094448,1.3207938904,0.5476800946,shadow_linear_connection
-9.52000000,3.1204033010,1.3845284801,1.3299807384,0.5553254239,shadow_linear_connection
-9.50000000,3.1204033010,1.3902443874,1.3392314860,0.5630774779,shadow_linear_connection
-9.48000000,3.1204033010,1.3947639058,1.3485465776,0.5709377466,shadow_linear_connection
-9.46000000,3.1204033010,1.3976937746,1.3579264609,0.5789077405,shadow_linear_connection
-9.44000000,3.1204033010,1.4089533731,1.3673715863,0.5869889914,shadow_linear_connection
-9.42000000,3.1204033010,1.4215882550,1.3768824078,0.5951830524,shadow_linear_connection
-9.40000000,3.1204033010,1.4348819324,1.3864593823,0.6034914981,shadow_linear_connection
-9.38000000,3.1204033010,1.4486377750,1.3961029700,0.6119159255,shadow_linear_connection
-9.36000000,3.1204033010,1.4626591523,1.4058136341,0.6204579535,shadow_linear_connection
-9.34000000,3.1204033010,1.4767494340,1.4155918412,0.6291192238,shadow_linear_connection
-9.32000000,3.1204033010,1.4907119897,1.4254380611,0.6379014009,shadow_linear_connection
-9.30000000,3.1204033010,1.5043501889,1.4353527669,0.6468061726,shadow_linear_connection
-9.28000000,3.1204033010,1.5174674014,1.4453364349,0.6558352503,shadow_linear_connection
-9.26000000,3.1204033010,1.5272372985,1.4553895448,0.6649903692,shadow_linear_connection
-9.24000000,3.1204033010,1.5316786299,1.4655125796,0.6742732888,shadow_linear_connection
-9.22000000,3.1204033010,1.5377954531,1.4757060258,0.6836857932,shadow_linear_connection
-9.20000000,3.1204033010,1.5451945074,1.4859703729,0.6932296912,shadow_linear_connection
-9.18000000,3.1204033010,1.5534825319,1.4963061142,0.7029068170,shadow_linear_connection
-9.16000000,3.1204033010,1.5622662660,1.5067137463,0.7127190305,shadow_linear_connection
-9.14000000,3.1204033010,1.5711524487,1.5171937692,0.7226682174,shadow_linear_connection
-9.12000000,3.1204033010,1.5797478193,1.5277466864,0.7327562898,shadow_linear_connection
-9.10000000,3.1204033010,1.5876591169,1.5383730049,0.7429851864,shadow_linear_connection
-9.08000000,3.1204033010,1.5944930809,1.5490732354,0.7533568731,shadow_linear_connection
-9.06000000,3.1204033010,1.5998564504,1.5598478918,0.7638733432,shadow_linear_connection
-9.04000000,3.1204033010,1.6068425363,1.5706974919,0.7745366177,shadow_linear_connection
-9.02000000,3.1204033010,1.6183047378,1.5816225569,0.7853487459,shadow_linear_connection
-9.00000000,3.1204033010,1.6317195538,1.5926236118,0.7963118059,shadow_linear_connection
-8.98000000,3.1204033010,1.6455611748,1.6037011850,0.8074279044,shadow_linear_connection
-8.96000000,3.1204033010,1.6596329706,1.6148558089,0.8186991780,shadow_linear_connection
-8.94000000,3.1204033010,1.6701969117,1.6260880193,0.8301277926,shadow_linear_connection
-8.92000000,3.1204033010,1.6814123540,1.6373983559,0.8417159447,shadow_linear_connection
-8.90000000,3.1204033010,1.6936064236,1.6487873622,0.8534658615,shadow_linear_connection
-8.88000000,3.1204033010,1.7064841749,1.6602555852,0.8653798009,shadow_linear_connection
-8.86000000,3.1204033010,1.7157590653,1.6718035760,0.8774600527,shadow_linear_connection
-8.84000000,3.1204033010,1.7265533166,1.6834318895,0.8897089386,shadow_linear_connection
-8.82000000,3.1204033010,1.7384736680,1.6951410842,0.9021288126,shadow_linear_connection
-8.80000000,3.1204033010,1.7511268587,1.7069317229,0.9147220615,shadow_linear_connection
-8.78000000,3.1204033010,1.7641196280,1.7188043720,0.9274911056,shadow_linear_connection
-8.76000000,3.1204033010,1.7770587150,1.7307596018,0.9404383990,shadow_linear_connection
-8.74000000,3.1204033010,1.7895508589,1.7427979868,0.9535664298,shadow_linear_connection
-8.72000000,3.1204033010,1.8012027990,1.7549201055,0.9668777211,shadow_linear_connection
-8.70000000,3.1204033010,1.8116212744,1.7671265401,0.9803748311,shadow_linear_connection
-8.68000000,3.1204033010,1.8204130244,1.7794178772,0.9940603537,shadow_linear_connection
-8.66000000,3.1204033010,1.8241887220,1.7917947073,1.0079369192,shadow_linear_connection
-8.64000000,3.1204033010,1.8252677152,1.8042576251,1.0220071942,shadow_linear_connection
-8.62000000,3.1204033010,1.8347835846,1.8168072293,1.0362738830,shadow_linear_connection
-8.60000000,3.1204033010,1.8469895734,1.8294441230,1.0507397273,shadow_linear_connection
-8.58000000,3.1204033010,1.8614924209,1.8421689131,1.0654075073,shadow_linear_connection
-8.56000000,3.1204033010,1.8778988662,1.8549822112,1.0802800419,shadow_linear_connection
-8.54000000,3.1204033010,1.8958156486,1.8678846329,1.0953601893,shadow_linear_connection
-8.52000000,3.1204033010,1.9148495073,1.8808767979,1.1106508477,shadow_linear_connection
-8.50000000,3.1204033010,1.9346071815,1.8939593306,1.1261549558,shadow_linear_connection
-8.48000000,3.1204033010,1.9546954103,1.9071328596,1.1418754931,shadow_linear_connection
-8.46000000,3.1204033010,1.9747209330,1.9203980176,1.1578154810,shadow_linear_connection
-8.44000000,3.1204033010,1.9942904888,1.9337554422,1.1739779828,shadow_linear_connection
-8.42000000,3.1204033010,2.0130108169,1.9472057750,1.1903661047,shadow_linear_connection
-8.40000000,3.1204033010,2.0238744467,1.9607496622,1.2069829963,shadow_linear_connection
-8.38000000,3.1204033010,2.0340955608,1.9743877546,1.2238318510,shadow_linear_connection
-8.36000000,3.1204033010,2.0449758939,1.9881207075,1.2409159070,shadow_linear_connection
-8.34000000,3.1204033010,2.0559255549,2.0019491806,1.2582384476,shadow_linear_connection
-8.32000000,3.1204033010,2.0712480636,2.0158738383,1.2758028017,shadow_linear_connection
-8.30000000,3.1204033010,2.0875214280,2.0298953497,1.2936123452,shadow_linear_connection
-8.28000000,3.1204033010,2.1038038741,2.0440143884,1.3116705005,shadow_linear_connection
-8.26000000,3.1204033010,2.1196038259,2.0582316328,1.3299807384,shadow_linear_connection
-8.24000000,3.1204033010,2.1399451901,2.0725477660,1.3485465776,shadow_linear_connection
-8.22000000,3.1204033010,2.1604431087,2.0869634757,1.3673715863,shadow_linear_connection
-8.20000000,3.1204033010,2.1807043210,2.1014794546,1.3864593823,shadow_linear_connection
-8.18000000,3.1204033010,2.2003355663,2.1160964002,1.4058136341,shadow_linear_connection
-8.16000000,3.1204033010,2.2179581633,2.1308150146,1.4254380611,shadow_linear_connection
-8.14000000,3.1204033010,2.2315100307,2.1456360051,1.4453364349,shadow_linear_connection
-8.12000000,3.1204033010,2.2433897086,2.1605600837,1.4655125796,shadow_linear_connection
-8.10000000,3.1204033010,2.2520928372,2.1755879675,1.4859703729,shadow_linear_connection
-8.08000000,3.1204033010,2.2607988072,2.1907203786,1.5067137463,shadow_linear_connection
-8.06000000,3.1204033010,2.2689177272,2.2059580438,1.5277466864,shadow_linear_connection
-8.04000000,3.1204033010,2.2799995907,2.2213016954,1.5490732354,shadow_linear_connection
-8.02000000,3.1204033010,2.2974233157,2.2367520705,1.5706974919,shadow_linear_connection
-8.00000000,3.1204033010,2.3158085135,2.2523099115,1.5926236118,shadow_linear_connection
-7.98000000,3.1204033010,2.3347619232,2.2679759659,1.6148558089,shadow_linear_connection
-7.96000000,3.1204033010,2.3538902842,2.2837509862,1.6373983559,shadow_linear_connection
-7.94000000,3.1204033010,2.3728003356,2.2996357305,1.6602555852,shadow_linear_connection
-7.92000000,3.1204033010,2.3910988167,2.3156309620,1.6834318895,shadow_linear_connection
-7.90000000,3.1204033010,2.4083924665,2.3317374490,1.7069317229,shadow_linear_connection
-7.88000000,3.1174696495,2.4242880244,2.3479559656,1.7307596018,shadow_linear_connection
-7.86000000,3.1145257851,2.4353194187,2.3642872908,1.7549201055,shadow_linear_connection
-7.84000000,3.1129352337,2.4443448457,2.3807322094,1.7794178772,shadow_linear_connection
-7.82000000,3.1092485504,2.4521422837,2.3972915115,1.8042576251,shadow_linear_connection
-7.80000000,3.1072749142,2.4547298678,2.4139659926,1.8294441230,shadow_linear_connection
-7.78000000,3.1077026757,2.4649908738,2.4307564539,1.8549822112,shadow_linear_connection
-7.76000000,3.1103352043,2.4784684325,2.4476637021,1.8808767979,shadow_linear_connection
-7.74000000,3.1149758697,2.4934002989,2.4646885495,1.9071328596,shadow_linear_connection
-7.72000000,3.1213727121,2.5093932122,2.4818318141,1.9337554422,shadow_linear_connection
-7.70000000,3.1254679234,2.5260539115,2.4990943195,1.9607496622,shadow_linear_connection
-7.68000000,3.1324055878,2.5426554880,2.5164768951,1.9881207075,shadow_linear_connection
-7.66000000,3.1418907599,2.5555995401,2.5339803761,2.0158738383,shadow_linear_connection
-7.64000000,3.1530165271,2.5694489483,2.5516056035,2.0440143884,shadow_linear_connection
-7.62000000,3.1629388401,2.5829610104,2.5693534240,2.0725477660,shadow_linear_connection
-7.60000000,3.1759343212,2.5934230652,2.5872246903,2.1014794546,shadow_linear_connection
-7.58000000,3.1916097096,2.6047228178,2.6052202612,2.1308150146,shadow_linear_connection
-7.56000000,3.2084031402,2.6162703772,2.6233410011,2.1605600837,shadow_linear_connection
-7.54000000,3.2246843226,2.6275297159,2.6415877807,2.1907203786,shadow_linear_connection
-7.52000000,3.2438624169,2.6401946379,2.6599614768,2.2213016954,shadow_linear_connection
-7.50000000,3.2638597647,2.6561237255,2.6784629720,2.2523099115,shadow_linear_connection
-7.48000000,3.2839318159,2.6772637570,2.6970931553,2.2837509862,shadow_linear_connection
-7.46000000,3.3068125554,2.7003952982,2.7158529217,2.3156309620,shadow_linear_connection
-7.44000000,3.3319120920,2.7230232126,2.7347431726,2.3479559656,shadow_linear_connection
-7.42000000,3.3586405345,2.7453870056,2.7537648157,2.3807322094,shadow_linear_connection
-7.40000000,3.3864079917,2.7696438020,2.7729187647,2.4139659926,shadow_linear_connection
-7.38000000,3.4122035338,2.7952037105,2.7922059400,2.4476637021,shadow_linear_connection
-7.36000000,3.4371524065,2.8214768401,2.8116272682,2.4818318141,shadow_linear_connection
-7.34000000,3.4600372018,2.8478732994,2.8311836824,2.5164768951,shadow_linear_connection
-7.32000000,3.4825408874,2.8738031974,2.8508761222,2.5516056035,shadow_linear_connection
-7.30000000,3.5056625239,2.8927212904,2.8707055338,2.5872246903,shadow_linear_connection
-7.28000000,3.5286155899,2.9100921095,2.8906728698,2.6233410011,shadow_linear_connection
-7.26000000,3.5546672052,2.9279311507,2.9107790896,2.6599614768,shadow_linear_connection
-7.24000000,3.5816312953,2.9496978209,2.9310251593,2.6970931553,shadow_linear_connection
-7.22000000,3.6077617083,2.9728780269,2.9514120515,2.7347431726,shadow_linear_connection
-7.20000000,3.6333272665,2.9958647762,2.9719407458,2.7729187647,shadow_linear_connection
-7.18000000,3.6561108261,3.0227926508,2.9926122284,2.8116272682,shadow_linear_connection
-7.16000000,3.6802186108,3.0502618172,3.0134274926,2.8508761222,shadow_linear_connection
-7.14000000,3.7051113877,3.0769823681,3.0343875383,2.8906728698,shadow_linear_connection
-7.12000000,3.7300026350,3.0948496015,3.0554933727,2.9310251593,shadow_linear_connection
-7.10000000,3.7541822840,3.1138333915,3.0767460098,2.9719407458,shadow_linear_connection
-7.08000000,3.7822488764,3.1331472167,3.0981464707,3.0134274926,shadow_linear_connection
-7.06000000,3.8095779381,3.1524655813,3.1196957836,3.0554933727,shadow_linear_connection
-7.04000000,3.8354812628,3.1757309904,3.1413949838,3.0981464707,shadow_linear_connection
-7.02000000,3.8582476230,3.1985972884,3.1632451138,3.1413949838,shadow_linear_connection
-7.00000000,3.8776832131,3.2214141552,3.1852472236,3.1852472236,shadow_linear_connection
-6.98000000,3.8980708365,3.2448130973,3.2074023701,3.2074023701,exact_HLG_theory
-6.96000000,3.9186239716,3.2626972382,3.2297116178,3.2297116178,exact_HLG_theory
-6.94000000,3.9401708431,3.2819598645,3.2521760386,3.2521760386,exact_HLG_theory
-6.92000000,3.9646858448,3.3036214877,3.2747967118,3.2747967118,exact_HLG_theory
-6.90000000,3.9868885110,3.3293284829,3.2975747243,3.2975747243,exact_HLG_theory
-6.88000000,4.0084610588,3.3557088105,3.3205111704,3.3205111704,exact_HLG_theory
-6.86000000,4.0334645834,3.3820742641,3.3436071520,3.3436071520,exact_HLG_theory
-6.84000000,4.0566186193,3.4055498926,3.3668637789,3.3668637789,exact_HLG_theory
-6.82000000,4.0783978325,3.4270529248,3.3902821685,3.3902821685,exact_HLG_theory
-6.80000000,4.1005095984,3.4505744312,3.4138634458,3.4138634458,exact_HLG_theory
-6.78000000,4.1221673956,3.4756414641,3.4376087439,3.4376087439,exact_HLG_theory
-6.76000000,4.1431866471,3.5014675019,3.4615192036,3.4615192036,exact_HLG_theory
-6.74000000,4.1650645265,3.5272660231,3.4855959737,3.4855959737,exact_HLG_theory
-6.72000000,4.1878769034,3.5522505061,3.5098402110,3.5098402110,exact_HLG_theory
-6.70000000,4.2131209514,3.5724735690,3.5342530802,3.5342530802,exact_HLG_theory
-6.68000000,4.2400580859,3.5955366202,3.5588357545,3.5588357545,exact_HLG_theory
-6.66000000,4.2679017853,3.6224830825,3.5835894147,3.5835894147,exact_HLG_theory
-6.64000000,4.2958655282,3.6514541959,3.6085152502,3.6085152502,exact_HLG_theory
-6.62000000,4.3194452953,3.6816634388,3.6336144587,3.6336144587,exact_HLG_theory
-6.60000000,4.3387689839,3.7123242896,3.6588882460,3.6588882460,exact_HLG_theory
-6.58000000,4.3635055023,3.7426502267,3.6843378263,3.6843378263,exact_HLG_theory
-6.56000000,4.3949829311,3.7717113499,3.7099644225,3.7099644225,exact_HLG_theory
-6.54000000,4.4282443347,3.7947849666,3.7357692657,3.7357692657,exact_HLG_theory
-6.52000000,4.4585769150,3.8132525607,3.7617535959,3.7617535959,exact_HLG_theory
-6.50000000,4.4872233184,3.8418186414,3.7879186613,3.7879186613,exact_HLG_theory
-6.48000000,4.5181331852,3.8719122008,3.8142657191,3.8142657191,exact_HLG_theory
-6.46000000,4.5503233634,3.9027467175,3.8407960353,3.8407960353,exact_HLG_theory
-6.44000000,4.5828107009,3.9335356698,3.8675108844,3.8675108844,exact_HLG_theory
-6.42000000,4.6146120459,3.9634925363,3.8944115499,3.8944115499,exact_HLG_theory
-6.40000000,4.6448129491,3.9893174878,3.9214993244,3.9214993244,exact_HLG_theory
-6.38000000,4.6769976486,4.0081650333,3.9487755092,3.9487755092,exact_HLG_theory
-6.36000000,4.7116265629,4.0299613218,3.9762414150,3.9762414150,exact_HLG_theory
-6.34000000,4.7477165400,4.0590374869,4.0038983612,4.0038983612,exact_HLG_theory
-6.32000000,4.7824711368,4.0890490709,4.0317476766,4.0317476766,exact_HLG_theory
-6.30000000,4.8151897904,4.1172571018,4.0597906994,4.0597906994,exact_HLG_theory
-6.28000000,4.8481540744,4.1413940557,4.0880287768,4.0880287768,exact_HLG_theory
-6.26000000,4.8825662167,4.1643313607,4.1164632656,4.1164632656,exact_HLG_theory
-6.24000000,4.9177477711,4.1877112165,4.1450955319,4.1450955319,exact_HLG_theory
-6.22000000,4.9556388560,4.2135720565,4.1739269514,4.1739269514,exact_HLG_theory
-6.20000000,4.9955190174,4.2445056143,4.2029589092,4.2029589092,exact_HLG_theory
-6.18000000,5.0346002509,4.2722803818,4.2321928003,4.2321928003,exact_HLG_theory
-6.16000000,5.0660462723,4.2996015821,4.2616300292,4.2616300292,exact_HLG_theory
-6.14000000,5.0984781368,4.3288138994,4.2912720102,4.2912720102,exact_HLG_theory
-6.12000000,5.1327082638,4.3589341817,4.3211201675,4.3211201675,exact_HLG_theory
-6.10000000,5.1705822771,4.3889792771,4.3511759351,4.3511759351,exact_HLG_theory
-6.08000000,5.2094116117,4.4223336261,4.3814407571,4.3814407571,exact_HLG_theory
-6.06000000,5.2472432192,4.4606388396,4.4119160876,4.4119160876,exact_HLG_theory
-6.04000000,5.2830939478,4.4923931643,4.4426033908,4.4426033908,exact_HLG_theory
-6.02000000,5.3159806453,4.5258681981,4.4735041411,4.4735041411,exact_HLG_theory
-6.00000000,5.3420737053,4.5607166112,4.5046198231,4.5046198231,exact_HLG_theory
-5.98000000,5.3733061460,4.5959552518,4.5359519317,4.5359519317,exact_HLG_theory
-5.96000000,5.4047471921,4.6306009676,4.5675019724,4.5675019724,exact_HLG_theory
-5.94000000,5.4352787516,4.6634030017,4.5992714610,4.5992714610,exact_HLG_theory
-5.92000000,5.4643080760,4.6954474190,4.6312619239,4.6312619239,exact_HLG_theory
-5.90000000,5.4962842038,4.7290585047,4.6634748981,4.6634748981,exact_HLG_theory
-5.88000000,5.5311347205,4.7642237210,4.6959119311,4.6959119311,exact_HLG_theory
-5.86000000,5.5634808455,4.7999599162,4.7285745816,4.7285745816,exact_HLG_theory
-5.84000000,5.5897927887,4.8352839381,4.7614644188,4.7614644188,exact_HLG_theory
-5.82000000,5.6120347959,4.8666112781,4.7945830229,4.7945830229,exact_HLG_theory
-5.80000000,5.6331342417,4.8911073595,4.8279319852,4.8279319852,exact_HLG_theory
-5.78000000,5.6555807952,4.9185017009,4.8615129078,4.8615129078,exact_HLG_theory
-5.76000000,5.6817798888,4.9527212607,4.8953274041,4.8953274041,exact_HLG_theory
-5.74000000,5.7055334574,4.9873130002,4.9293770989,4.9293770989,exact_HLG_theory
-5.72000000,5.7290980439,5.0192972922,4.9636636281,4.9636636281,exact_HLG_theory
-5.70000000,5.7540943691,5.0484053648,4.9981886389,4.9981886389,exact_HLG_theory
-5.68000000,5.7808788924,5.0790104016,5.0329537902,5.0329537902,exact_HLG_theory
-5.66000000,5.8093769173,5.1138343439,5.0679607522,5.0679607522,exact_HLG_theory
-5.64000000,5.8342809561,5.1478870398,5.1032112069,5.1032112069,exact_HLG_theory
-5.62000000,5.8570557238,5.1777178477,5.1387068479,5.1387068479,exact_HLG_theory
-5.60000000,5.8807917026,5.2066857478,5.1744493806,5.1744493806,exact_HLG_theory
-5.58000000,5.9046040556,5.2355046457,5.2104405223,5.2104405223,exact_HLG_theory
-5.56000000,5.9276079461,5.2676864530,5.2466820022,5.2466820022,exact_HLG_theory
-5.54000000,5.9537573301,5.3033785642,5.2831755615,5.2831755615,exact_HLG_theory
-5.52000000,5.9796801453,5.3404079594,5.3199229536,5.3199229536,exact_HLG_theory
-5.50000000,6.0074805993,5.3742642583,5.3569259440,5.3569259440,exact_HLG_theory
-5.48000000,6.0371077946,5.4046205052,5.3941863105,5.3941863105,exact_HLG_theory
-5.46000000,6.0676768944,5.4356874876,5.4317058434,5.4317058434,exact_HLG_theory
-5.44000000,6.0943583555,5.4667347890,5.4694863453,5.4694863453,exact_HLG_theory
-5.42000000,6.1175823834,5.5029861729,5.5075296314,5.5075296314,exact_HLG_theory
-5.40000000,6.1418477860,5.5417456705,5.5458375294,5.5458375294,exact_HLG_theory
-5.38000000,6.1771040612,5.5780255772,5.5844118799,5.5844118799,exact_HLG_theory
-5.36000000,6.2144831783,5.6158418120,5.6232545363,5.6232545363,exact_HLG_theory
-5.34000000,6.2518024879,5.6533656865,5.6623673647,5.6623673647,exact_HLG_theory
-5.32000000,6.2832530885,5.6875989081,5.7017522444,5.7017522444,exact_HLG_theory
-5.30000000,6.3169911954,5.7271357389,5.7414110675,5.7414110675,exact_HLG_theory
-5.28000000,6.3519353415,5.7702938278,5.7813457396,5.7813457396,exact_HLG_theory
-5.26000000,6.3845929723,5.8099214714,5.8215581793,5.8215581793,exact_HLG_theory
-5.24000000,6.4129953730,5.8477309101,5.8620503186,5.8620503186,exact_HLG_theory
-5.22000000,6.4482744261,5.8862937408,5.9028241030,5.9028241030,exact_HLG_theory
-5.20000000,6.4890587281,5.9279263515,5.9438814915,5.9438814915,exact_HLG_theory
-5.18000000,6.5279123716,5.9744876592,5.9852244568,5.9852244568,exact_HLG_theory
-5.16000000,6.5640781205,6.0177751346,6.0268549851,6.0268549851,exact_HLG_theory
-5.14000000,6.6048130755,6.0581391770,6.0687750766,6.0687750766,exact_HLG_theory
-5.12000000,6.6481250221,6.0980081026,6.1109867455,6.1109867455,exact_HLG_theory
-5.10000000,6.6917069085,6.1414601489,6.1534920197,6.1534920197,exact_HLG_theory
-5.08000000,6.7343263466,6.1854704307,6.1962929414,6.1962929414,exact_HLG_theory
-5.06000000,6.7765074470,6.2285679366,6.2393915672,6.2393915672,exact_HLG_theory
-5.04000000,6.8162566143,6.2687590713,6.2827899675,6.2827899675,exact_HLG_theory
-5.02000000,6.8617113273,6.3106534903,6.3264902276,6.3264902276,exact_HLG_theory
-5.00000000,6.9091116456,6.3577285475,6.3704944471,6.3704944471,exact_HLG_theory
-4.98000000,6.9574167854,6.4031849837,6.4148047401,6.4148047401,exact_HLG_theory
-4.96000000,7.0033073668,6.4445947429,6.4594232356,6.4594232356,exact_HLG_theory
-4.94000000,7.0457452026,6.4898063821,6.5043520772,6.5043520772,exact_HLG_theory
-4.92000000,7.0928085534,6.5329246713,6.5495934237,6.5495934237,exact_HLG_theory
-4.90000000,7.1462363650,6.5761177073,6.5951494486,6.5951494486,exact_HLG_theory
-4.88000000,7.2013405423,6.6233654125,6.6410223407,6.6410223407,exact_HLG_theory
-4.86000000,7.2521524131,6.6714717465,6.6872143040,6.6872143040,exact_HLG_theory
-4.84000000,7.3027059767,6.7168880258,6.7337275579,6.7337275579,exact_HLG_theory
-4.82000000,7.3569811556,6.7630583030,6.7805643370,6.7805643370,exact_HLG_theory
-4.80000000,7.4149825765,6.8106810172,6.8277268916,6.8277268916,exact_HLG_theory
-4.78000000,7.4692131677,6.8591907224,6.8752174878,6.8752174878,exact_HLG_theory
-4.76000000,7.5192901449,6.9087034547,6.9230384072,6.9230384072,exact_HLG_theory
-4.74000000,7.5647685476,6.9563763532,6.9711919474,6.9711919474,exact_HLG_theory
-4.72000000,7.6069345220,7.0060910252,7.0196804219,7.0196804219,exact_HLG_theory
-4.70000000,7.6531905911,7.0580395275,7.0685061605,7.0685061605,exact_HLG_theory
-4.68000000,7.6964165150,7.1046560324,7.1176715089,7.1176715089,exact_HLG_theory
-4.66000000,7.7361152589,7.1537049812,7.1671788294,7.1671788294,exact_HLG_theory
-4.64000000,7.7750591884,7.2066547788,7.2170305005,7.2170305005,exact_HLG_theory
-4.62000000,7.8179746046,7.2596238182,7.2672289174,7.2672289174,exact_HLG_theory
-4.60000000,7.8588024681,7.3115951611,7.3177764919,7.3177764919,exact_HLG_theory
-4.58000000,7.8969936701,7.3621640862,7.3686756526,7.3686756526,exact_HLG_theory
-4.56000000,7.9368067957,7.4106035523,7.4199288449,7.4199288449,exact_HLG_theory
-4.54000000,7.9802919238,7.4628822313,7.4715385314,7.4715385314,exact_HLG_theory
-4.52000000,8.0224512158,7.5214894355,7.5235071917,7.5235071917,exact_HLG_theory
-4.50000000,8.0656952838,7.5833692832,7.5758373226,7.5758373226,exact_HLG_theory
-4.48000000,8.1097384833,7.6397153097,7.6285314383,7.6285314383,exact_HLG_theory
-4.46000000,8.1555380251,7.6968188389,7.6815920706,7.6815920706,exact_HLG_theory
-4.44000000,8.2021261903,7.7563638650,7.7350217687,7.7350217687,exact_HLG_theory
-4.42000000,8.2510970449,7.8128090722,7.7888230998,7.7888230998,exact_HLG_theory
-4.40000000,8.3008007960,7.8699848520,7.8429986488,7.8429986488,exact_HLG_theory
-4.38000000,8.3534683646,7.9274445005,7.8975510185,7.8975510185,exact_HLG_theory
-4.36000000,8.4067678836,7.9808239099,7.9524828299,7.9524828299,exact_HLG_theory
-4.34000000,8.4635671293,8.0393893007,8.0077967223,8.0077967223,exact_HLG_theory
-4.32000000,8.5255945361,8.0996129781,8.0634953533,8.0634953533,exact_HLG_theory
-4.30000000,8.5888456206,8.1600676717,8.1195813988,8.1195813988,exact_HLG_theory
-4.28000000,8.6520656502,8.2172758057,8.1760575537,8.1760575537,exact_HLG_theory
-4.26000000,8.7144972194,8.2745999448,8.2329265313,8.2329265313,exact_HLG_theory
-4.24000000,8.7808322692,8.3350446678,8.2901910639,8.2901910639,exact_HLG_theory
-4.22000000,8.8463025157,8.3918938560,8.3478539028,8.3478539028,exact_HLG_theory
-4.20000000,8.9100594743,8.4498137453,8.4059178185,8.4059178185,exact_HLG_theory
-4.18000000,8.9715454558,8.5110655925,8.4643856006,8.4643856006,exact_HLG_theory
-4.16000000,9.0330314373,8.5677981641,8.5232600584,8.5232600584,exact_HLG_theory
-4.14000000,9.0945174188,8.6258818168,8.5825440204,8.5825440204,exact_HLG_theory
-4.12000000,9.1560034003,8.6870433385,8.6422403349,8.6422403349,exact_HLG_theory
-4.10000000,9.2174175155,8.7436503645,8.7023518702,8.7023518702,exact_HLG_theory
-4.08000000,9.2786278108,8.7984487242,8.7628815142,8.7628815142,exact_HLG_theory
-4.06000000,9.3397144755,8.8583819290,8.8238321752,8.8238321752,exact_HLG_theory
-4.04000000,9.4018927607,8.9193553573,8.8852067816,8.8852067816,exact_HLG_theory
-4.02000000,9.4645870461,8.9797619836,8.9470082821,8.9470082821,exact_HLG_theory
-4.00000000,9.5252854175,9.0383422150,9.0092396461,9.0092396461,exact_HLG_theory
-3.98000000,9.5867161136,9.0967046102,9.0719038634,9.0719038634,exact_HLG_theory
-3.96000000,9.6494443360,9.1587795616,9.1350039449,9.1350039449,exact_HLG_theory
-3.94000000,9.7119933515,9.2215973491,9.1985429221,9.1985429221,exact_HLG_theory
-3.92000000,9.7742972758,9.2852091815,9.2625238478,9.2625238478,exact_HLG_theory
-3.90000000,9.8362969050,9.3474359687,9.3269497961,9.3269497961,exact_HLG_theory
-3.88000000,9.8979397151,9.4086491783,9.3918238623,9.3918238623,exact_HLG_theory
-3.86000000,9.9591798621,9.4729248237,9.4571491633,9.4571491633,exact_HLG_theory
-3.84000000,10.0199781822,9.5335665375,9.5229288377,9.5229288377,exact_HLG_theory
-3.82000000,10.0803021916,9.5939713896,9.5891660459,9.5891660459,exact_HLG_theory
-3.80000000,10.1401260868,9.6595047633,9.6558639703,9.6558639703,exact_HLG_theory
-3.78000000,10.1994307440,9.7250731070,9.7230258155,9.7230258155,exact_HLG_theory
-3.76000000,10.2582037198,9.7918954999,9.7906548083,9.7906548083,exact_HLG_theory
-3.74000000,10.3164392508,9.8680668661,9.8587541979,9.8587541979,exact_HLG_theory
-3.72000000,10.3741382536,9.9381925795,9.9273272562,9.9273272562,exact_HLG_theory
-3.70000000,10.4313083249,10.0098552553,9.9963772779,9.9963772779,exact_HLG_theory
-3.68000000,10.4879637416,10.0859725066,10.0659075804,10.0659075804,exact_HLG_theory
-3.66000000,10.5441254606,10.1593090231,10.1359215045,10.1359215045,exact_HLG_theory
-3.64000000,10.5998211188,10.2330179335,10.2064224138,10.2064224138,exact_HLG_theory
-3.62000000,10.6550850333,10.3002056898,10.2774136958,10.2774136958,exact_HLG_theory
-3.60000000,10.7099582012,10.3768984412,10.3488987613,10.3488987613,exact_HLG_theory
-3.58000000,10.7644882998,10.4505181594,10.4208810446,10.4208810446,exact_HLG_theory
-3.56000000,10.8187296864,10.5224355488,10.4933640044,10.4933640044,exact_HLG_theory
-3.54000000,10.8727433983,10.5971271515,10.5663511230,10.5663511230,exact_HLG_theory
-3.52000000,10.9265971530,10.6701941120,10.6398459071,10.6398459071,exact_HLG_theory
-3.50000000,10.9803653480,10.7425219645,10.7138518879,10.7138518879,exact_HLG_theory
-3.48000000,11.0342283639,10.8153116692,10.7883726210,10.7883726210,exact_HLG_theory
-3.46000000,11.0885209606,10.8929089479,10.8634116868,10.8634116868,exact_HLG_theory
-3.44000000,11.1434326100,10.9725399268,10.9389726906,10.9389726906,exact_HLG_theory
-3.42000000,11.1975889084,11.0503431199,11.0150592627,11.0150592627,exact_HLG_theory
-3.40000000,11.2510680302,11.1229718655,11.0916750588,11.0916750588,exact_HLG_theory
-3.38000000,11.3068522890,11.1995849851,11.1688237599,11.1688237599,exact_HLG_theory
-3.36000000,11.3627485465,11.2772625003,11.2465090726,11.2465090726,exact_HLG_theory
-3.34000000,11.4176285961,11.3532114462,11.3247347294,11.3247347294,exact_HLG_theory
-3.32000000,11.4721778322,11.4330557171,11.4035044887,11.4035044887,exact_HLG_theory
-3.30000000,11.5263445183,11.5134965931,11.4828221350,11.4828221350,exact_HLG_theory
-3.28000000,11.5802993268,11.5941234192,11.5626914792,11.5626914792,exact_HLG_theory
-3.26000000,11.6362983907,11.6730690499,11.6431163585,11.6431163585,exact_HLG_theory
-3.24000000,11.6911087018,11.7520652810,11.7241006372,11.7241006372,exact_HLG_theory
-3.22000000,11.7442607012,11.8370581191,11.8056482060,11.8056482060,exact_HLG_theory
-3.20000000,11.7959605336,11.9258258999,11.8877629831,11.8877629831,exact_HLG_theory
-3.18000000,11.8469019086,12.0120825602,11.9704489136,11.9704489136,exact_HLG_theory
-3.16000000,11.8978174338,12.1051573136,12.0537099702,12.0537099702,exact_HLG_theory
-3.14000000,11.9493807518,12.1958180411,12.1375501533,12.1375501533,exact_HLG_theory
-3.12000000,12.0022065409,12.2823099990,12.2219734909,12.2219734909,exact_HLG_theory
-3.10000000,12.0568505148,12.3743359924,12.3069840393,12.3069840393,exact_HLG_theory
-3.08000000,12.1138094227,12.4634907048,12.3925858829,12.3925858829,exact_HLG_theory
-3.06000000,12.1735210492,12.5521313137,12.4787831343,12.4787831343,exact_HLG_theory
-3.04000000,12.2363642141,12.6440895178,12.5655799350,12.5655799350,exact_HLG_theory
-3.02000000,12.3026587731,12.7313005421,12.6529804553,12.6529804553,exact_HLG_theory
-3.00000000,12.3726656170,12.8201467505,12.7409888942,12.7409888942,exact_HLG_theory
-2.98000000,12.4465866721,12.9096242861,12.8296094802,12.8296094802,exact_HLG_theory
-2.96000000,12.5245649001,12.9992929597,12.9188464712,12.9188464712,exact_HLG_theory
-2.94000000,12.6066842985,13.0880823210,13.0087041545,13.0087041545,exact_HLG_theory
-2.92000000,12.6929698997,13.1750230651,13.0991868474,13.0991868474,exact_HLG_theory
-2.90000000,12.7833877719,13.2641846961,13.1902988972,13.1902988972,exact_HLG_theory
-2.88000000,12.8778450186,13.3528453808,13.2820446815,13.2820446815,exact_HLG_theory
-2.86000000,12.9761897788,13.4437556942,13.3744286081,13.3744286081,exact_HLG_theory
-2.84000000,13.0782112270,13.5330875876,13.4674551158,13.4674551158,exact_HLG_theory
-2.82000000,13.1836395729,13.6186776372,13.5611286740,13.5611286740,exact_HLG_theory
-2.80000000,13.2921460620,13.7033593365,13.6554537833,13.6554537833,exact_HLG_theory
-2.78000000,13.4033429748,13.7907268147,13.7504349756,13.7504349756,exact_HLG_theory
-2.76000000,13.5167836277,13.8804398234,13.8460768144,13.8460768144,exact_HLG_theory
-2.74000000,13.6319623723,13.9712736892,13.9423838948,13.9423838948,exact_HLG_theory
-2.72000000,13.7483145955,14.0648463465,14.0393608438,14.0393608438,exact_HLG_theory
-2.70000000,13.8656738293,14.1561619699,14.1370123210,14.1370123210,exact_HLG_theory
-2.68000000,13.9837267170,14.2485288766,14.2353430178,14.2353430178,exact_HLG_theory
-2.66000000,14.1019433856,14.3433443070,14.3343576587,14.3343576587,exact_HLG_theory
-2.64000000,14.2168486556,14.4407065764,14.4340610010,14.4340610010,exact_HLG_theory
-2.62000000,14.3306006319,14.5407139999,14.5344578348,14.5344578348,exact_HLG_theory
-2.60000000,14.4438615579,14.6434648928,14.6355529838,14.6355529838,exact_HLG_theory
-2.58000000,14.5570516602,14.7441326982,14.7373513052,14.7373513052,exact_HLG_theory
-2.56000000,14.6702417625,14.8468270626,14.8398576899,14.8398576899,exact_HLG_theory
-2.54000000,14.7834318648,14.9488693494,14.9430770629,14.9430770629,exact_HLG_theory
-2.52000000,14.8966219672,15.0535130950,15.0470143834,15.0470143834,exact_HLG_theory
-2.50000000,15.0098120695,15.1608090950,15.1516746452,15.1516746452,exact_HLG_theory
-2.48000000,15.1230021718,15.2700683234,15.2570628766,15.2570628766,exact_HLG_theory
-2.46000000,15.2361922742,15.3780301481,15.3631841411,15.3631841411,exact_HLG_theory
-2.44000000,15.3493823765,15.4855113385,15.4700435375,15.4700435375,exact_HLG_theory
-2.42000000,15.4625724788,15.5967360007,15.5776461997,15.5776461997,exact_HLG_theory
-2.40000000,15.5757625811,15.7067176416,15.6859972976,15.6859972976,exact_HLG_theory
-2.38000000,15.6889526835,15.8202357736,15.7951020370,15.7951020370,exact_HLG_theory
-2.36000000,15.8021427858,15.9297252499,15.9049656598,15.9049656598,exact_HLG_theory
-2.34000000,15.9153328881,16.0415580628,16.0155934446,16.0155934446,exact_HLG_theory
-2.32000000,16.0285229905,16.1553409518,16.1269907065,16.1269907065,exact_HLG_theory
-2.30000000,16.1417130928,16.2706806559,16.2391627977,16.2391627977,exact_HLG_theory
-2.28000000,16.2549031951,16.3871839143,16.3521151074,16.3521151074,exact_HLG_theory
-2.26000000,16.3680932975,16.5044574664,16.4658530625,16.4658530625,exact_HLG_theory
-2.24000000,16.4812833998,16.6198474279,16.5803821277,16.5803821277,exact_HLG_theory
-2.22000000,16.5944735021,16.7342975531,16.6957078056,16.6957078056,exact_HLG_theory
-2.20000000,16.7076636044,16.8502319744,16.8118356370,16.8118356370,exact_HLG_theory
-2.18000000,16.8208537068,16.9661876873,16.9287712013,16.9287712013,exact_HLG_theory
-2.16000000,16.9340438091,17.0853901431,17.0465201168,17.0465201168,exact_HLG_theory
-2.14000000,17.0472339114,17.2019237787,17.1650880407,17.1650880407,exact_HLG_theory
-2.12000000,17.1604240138,17.3213028421,17.2844806698,17.2844806698,exact_HLG_theory
-2.10000000,17.2736141161,17.4373465869,17.4047037403,17.4047037403,exact_HLG_theory
-2.08000000,17.3868042184,17.5574459121,17.5257630284,17.5257630284,exact_HLG_theory
-2.06000000,17.4999943207,17.6777487788,17.6476643505,17.6476643505,exact_HLG_theory
-2.04000000,17.6131844231,17.8045683367,17.7704135632,17.7704135632,exact_HLG_theory
-2.02000000,17.7263745254,17.9255793448,17.8940165643,17.8940165643,exact_HLG_theory
-2.00000000,17.8395646277,18.0534456230,18.0184792922,18.0184792922,exact_HLG_theory
-1.98000000,17.9527384596,18.1784927218,18.1438077269,18.1438077269,exact_HLG_theory
-1.96000000,18.0650575282,18.3016766626,18.2700078898,18.2700078898,exact_HLG_theory
-1.94000000,18.1768287805,18.4360604185,18.3970858442,18.3970858442,exact_HLG_theory
-1.92000000,18.2880075833,18.5680035407,18.5250476957,18.5250476957,exact_HLG_theory
-1.90000000,18.3978225028,18.6988207346,18.6538995922,18.6538995922,exact_HLG_theory
-1.88000000,18.5132570374,18.8323595568,18.7836477246,18.7836477246,exact_HLG_theory
-1.86000000,18.6285280985,18.9675400297,18.9142983266,18.9142983266,exact_HLG_theory
-1.84000000,18.7405251807,19.1046104828,19.0458576754,19.0458576754,exact_HLG_theory
-1.82000000,18.8504948885,19.2419199181,19.1783320918,19.1783320918,exact_HLG_theory
-1.80000000,18.9622558665,19.3802272916,19.3117279407,19.3117279407,exact_HLG_theory
-1.78000000,19.0785873538,19.5185184317,19.4460516310,19.4460516310,exact_HLG_theory
-1.76000000,19.1949203852,19.6560469390,19.5813096166,19.5813096166,exact_HLG_theory
-1.74000000,19.3125414012,19.7991494382,19.7175083958,19.7175083958,exact_HLG_theory
-1.72000000,19.4311415822,19.9452175894,19.8546545124,19.8546545124,exact_HLG_theory
-1.70000000,19.5532979265,20.0885001998,19.9927545557,19.9927545557,exact_HLG_theory
-1.68000000,19.6763345332,20.2315100789,20.1318151608,20.1318151608,exact_HLG_theory
-1.66000000,19.8008664765,20.3756846840,20.2718430089,20.2718430089,exact_HLG_theory
-1.64000000,19.9288337329,20.5173021101,20.4128448277,20.4128448277,exact_HLG_theory
-1.62000000,20.0596657284,20.6573937681,20.5548273917,20.5548273917,exact_HLG_theory
-1.60000000,20.1900824808,20.7962835088,20.6977975225,20.6977975225,exact_HLG_theory
-1.58000000,20.3191024092,20.9358821536,20.8417620893,20.8417620893,exact_HLG_theory
-1.56000000,20.4476013161,21.0817532358,20.9867280087,20.9867280087,exact_HLG_theory
-1.54000000,20.5795055829,21.2263107227,21.1327022459,21.1327022459,exact_HLG_theory
-1.52000000,20.7121040636,21.3710238912,21.2796918142,21.2796918142,exact_HLG_theory
-1.50000000,20.8449265397,21.5144610468,21.4277037758,21.4277037758,exact_HLG_theory
-1.48000000,20.9785910291,21.6600747882,21.5767452421,21.5767452421,exact_HLG_theory
-1.46000000,21.1136265246,21.8056722134,21.7268233736,21.7268233736,exact_HLG_theory
-1.44000000,21.2543083952,21.9629344449,21.8779453812,21.8779453812,exact_HLG_theory
-1.42000000,21.3959385928,22.1137628551,22.0301185254,22.0301185254,exact_HLG_theory
-1.40000000,21.5425309976,22.2708225992,22.1833501176,22.1833501176,exact_HLG_theory
-1.38000000,21.6854971961,22.4219836130,22.3376475198,22.3376475198,exact_HLG_theory
-1.36000000,21.8337643085,22.5761174220,22.4930181452,22.4930181452,exact_HLG_theory
-1.34000000,21.9840822082,22.7346617615,22.6494694589,22.6494694589,exact_HLG_theory
-1.32000000,22.1396231663,22.8917059733,22.8070089774,22.8070089774,exact_HLG_theory
-1.30000000,22.2965568994,23.0521248772,22.9656442700,22.9656442700,exact_HLG_theory
-1.28000000,22.4579845464,23.2183831541,23.1253829583,23.1253829583,exact_HLG_theory
-1.26000000,22.6169122344,23.3823832459,23.2862327171,23.2862327171,exact_HLG_theory
-1.24000000,22.7733735717,23.5450688098,23.4482012744,23.4482012744,exact_HLG_theory
-1.22000000,22.9354718039,23.7108373304,23.6112964121,23.6112964121,exact_HLG_theory
-1.20000000,23.1014387322,23.8775761751,23.7755259662,23.7755259662,exact_HLG_theory
-1.18000000,23.2728168582,24.0410506337,23.9408978272,23.9408978272,exact_HLG_theory
-1.16000000,23.4427019541,24.2078443061,24.1074199404,24.1074199404,exact_HLG_theory
-1.14000000,23.6152745490,24.3789403446,24.2751003065,24.2751003065,exact_HLG_theory
-1.12000000,23.7898929193,24.5525615461,24.4439469819,24.4439469819,exact_HLG_theory
-1.10000000,23.9695248350,24.7282217086,24.6139680787,24.6139680787,exact_HLG_theory
-1.08000000,24.1500698254,24.9074215781,24.7851717657,24.7851717657,exact_HLG_theory
-1.06000000,24.3339017304,25.0856896561,24.9575662686,24.9575662686,exact_HLG_theory
-1.04000000,24.5188135751,25.2604134765,25.1311598701,25.1311598701,exact_HLG_theory
-1.02000000,24.7002507627,25.4342208865,25.3059609106,25.3059609106,exact_HLG_theory
-1.00000000,24.8774609249,25.6095853567,25.4819777884,25.4819777884,exact_HLG_theory
-0.98000000,25.0533513117,25.7872934088,25.6592189605,25.6592189605,exact_HLG_theory
-0.96000000,25.2300187600,25.9681315643,25.8376929423,25.8376929423,exact_HLG_theory
-0.94000000,25.4081514762,26.1445944753,26.0174083090,26.0174083090,exact_HLG_theory
-0.92000000,25.5840994451,26.3205826521,26.1983736948,26.1983736948,exact_HLG_theory
-0.90000000,25.7604358859,26.4986682903,26.3805977944,26.3805977944,exact_HLG_theory
-0.88000000,25.9386026829,26.6757010149,26.5640893629,26.5640893629,exact_HLG_theory
-0.86000000,26.1191897271,26.8570954620,26.7488572162,26.7488572162,exact_HLG_theory
-0.84000000,26.3027869098,27.0476820868,26.9349102315,26.9349102315,exact_HLG_theory
-0.82000000,26.4846844670,27.2319359877,27.1222573479,27.1222573479,exact_HLG_theory
-0.80000000,26.6686920887,27.4174972668,27.3109075665,27.3109075665,exact_HLG_theory
-0.78000000,26.8468388648,27.6046271109,27.5008699512,27.5008699512,exact_HLG_theory
-0.76000000,27.0333715451,27.7907748539,27.6921536288,27.6921536288,exact_HLG_theory
-0.74000000,27.2199143126,27.9811367724,27.8847677895,27.8847677895,exact_HLG_theory
-0.72000000,27.4088848776,28.1752622061,28.0787216877,28.0787216877,exact_HLG_theory
-0.70000000,27.5933736444,28.3692025341,28.2740246419,28.2740246419,exact_HLG_theory
-0.68000000,27.7796235424,28.5643359407,28.4706860356,28.4706860356,exact_HLG_theory
-0.66000000,27.9704442899,28.7559676924,28.6687153175,28.6687153175,exact_HLG_theory
-0.64000000,28.1655097106,28.9512113644,28.8681220019,28.8681220019,exact_HLG_theory
-0.62000000,28.3680705164,29.1485092156,29.0689156696,29.0689156696,exact_HLG_theory
-0.60000000,28.5707504131,29.3475414671,29.2711059676,29.2711059676,exact_HLG_theory
-0.58000000,28.7797541649,29.5515728413,29.4747026104,29.4747026104,exact_HLG_theory
-0.56000000,28.9905172948,29.7605050229,29.6797153798,29.6797153798,exact_HLG_theory
-0.54000000,29.2033049897,29.9742396967,29.8861541258,29.8861541258,exact_HLG_theory
-0.52000000,29.4190112296,30.1926785476,30.0940287668,30.0940287668,exact_HLG_theory
-0.50000000,29.6400332749,30.4104698032,30.3033492903,30.3033492903,exact_HLG_theory
-0.48000000,29.8605895917,30.6229432143,30.5141257532,30.5141257532,exact_HLG_theory
-0.46000000,30.0821525562,30.8356034024,30.7263682823,30.7263682823,exact_HLG_theory
-0.44000000,30.3046904018,31.0517579057,30.9400870749,30.9400870749,exact_HLG_theory
-0.42000000,30.5281585605,31.2679658134,31.1552923994,31.1552923994,exact_HLG_theory
-0.40000000,30.7535692213,31.4866959558,31.3719945952,31.3719945952,exact_HLG_theory
-0.38000000,30.9804308083,31.7087986121,31.5902040740,31.5902040740,exact_HLG_theory
-0.36000000,31.2015181197,31.9303170782,31.8099313197,31.8099313197,exact_HLG_theory
-0.34000000,31.4242285033,32.1546059247,32.0311868893,32.0311868893,exact_HLG_theory
-0.32000000,31.6532455046,32.3854853872,32.2539814131,32.2539814131,exact_HLG_theory
-0.30000000,31.8794961274,32.6138824692,32.4783255953,32.4783255953,exact_HLG_theory
-0.28000000,32.1029168107,32.8475805106,32.7042302148,32.7042302148,exact_HLG_theory
-0.26000000,32.3283623341,33.0820978227,32.9317061251,32.9317061251,exact_HLG_theory
-0.24000000,32.5551403394,33.3182361427,33.1607642555,33.1607642555,exact_HLG_theory
-0.22000000,32.7821149735,33.5391501916,33.3914156112,33.3914156112,exact_HLG_theory
-0.20000000,33.0053315418,33.7630351411,33.6236712739,33.6236712739,exact_HLG_theory
-0.18000000,33.2293598581,33.9854400346,33.8575424026,33.8575424026,exact_HLG_theory
-0.16000000,33.4573441071,34.2082259195,34.0930402335,34.0930402335,exact_HLG_theory
-0.14000000,33.6817213905,34.4393290382,34.3301760815,34.3301760815,exact_HLG_theory
-0.12000000,33.9031615699,34.6741207925,34.5689613397,34.5689613397,exact_HLG_theory
-0.10000000,34.1234237758,34.9115197154,34.8094074807,34.8094074807,exact_HLG_theory
-0.08000000,34.3478414396,35.1504443396,35.0515260569,35.0515260569,exact_HLG_theory
-0.06000000,34.5769035955,35.3884635702,35.2953287009,35.2953287009,exact_HLG_theory
-0.04000000,34.8080792708,35.6262356102,35.5408271265,35.5408271265,exact_HLG_theory
-0.02000000,35.0397660853,35.8667183272,35.7880331286,35.7880331286,exact_HLG_theory
-0.00000000,35.2722008368,36.1090042996,36.0369585844,36.0369585844,exact_HLG_theory
0.02000000,35.5098561823,36.3516397311,36.2876154538,36.2876154538,exact_HLG_theory
0.04000000,35.7525092191,36.5921675001,36.5400157795,36.5400157795,exact_HLG_theory
0.06000000,36.0013122491,36.8312135021,36.7941716883,36.7941716883,exact_HLG_theory
0.08000000,36.2551770992,37.0692747581,37.0500953913,37.0500953913,exact_HLG_theory
0.10000000,36.5148144213,37.3067194154,37.3077991844,37.3077991844,exact_HLG_theory
0.12000000,36.7789224387,37.5470929121,37.5672954491,37.5672954491,exact_HLG_theory
0.14000000,37.0465723604,37.7938796525,37.8285966531,37.8285966531,exact_HLG_theory
0.16000000,37.3154814789,38.0451081114,38.0917153507,38.0917153507,exact_HLG_theory
0.18000000,37.5841202953,38.2993678290,38.3566641836,38.3566641836,exact_HLG_theory
0.20000000,37.8523173087,38.5606545242,38.6234558813,38.6234558813,exact_HLG_theory
0.22000000,38.1197992752,38.8273232088,38.8921032621,38.8921032621,exact_HLG_theory
0.24000000,38.3897412050,39.0980925938,39.1626192331,39.1626192331,exact_HLG_theory
0.26000000,38.6629053046,39.3772469510,39.4350167916,39.4350167916,exact_HLG_theory
0.28000000,38.9418926601,39.6618689290,39.7093090248,39.7093090248,exact_HLG_theory
0.30000000,39.2192864626,39.9457696640,39.9855091115,39.9855091115,exact_HLG_theory
0.32000000,39.4973194195,40.2376936963,40.2636303216,40.2636303216,exact_HLG_theory
0.34000000,39.7777325977,40.5278934672,40.5436860178,40.5436860178,exact_HLG_theory
0.36000000,40.0563872146,40.8245227709,40.8256896554,40.8256896554,exact_HLG_theory
0.38000000,40.3356839138,41.1272766874,41.1096547834,41.1096547834,exact_HLG_theory
0.40000000,40.6105344012,41.4503306990,41.3955950451,41.3955950451,exact_HLG_theory
0.42000000,40.8857407890,41.7716496205,41.6835241785,41.6835241785,exact_HLG_theory
0.44000000,41.1557119712,42.0923369548,41.9734560175,41.9734560175,exact_HLG_theory
0.46000000,41.4064595978,42.4154583257,42.2654044919,42.2654044919,exact_HLG_theory
0.48000000,41.6527430922,42.7419759468,42.5593836285,42.5593836285,exact_HLG_theory
0.50000000,41.9097938794,43.0638399728,42.8554075517,42.8554075517,exact_HLG_theory
0.52000000,42.1739903563,43.3781077372,43.1534904841,43.1534904841,exact_HLG_theory
0.54000000,42.4471749437,43.6903266355,43.4536467473,43.4536467473,exact_HLG_theory
0.56000000,42.7296565061,44.0027324085,43.7558907624,43.7558907624,exact_HLG_theory
0.58000000,43.0184886158,44.3175528936,44.0602370509,44.0602370509,exact_HLG_theory
0.60000000,43.3119029498,44.6279170138,44.3667002352,44.3667002352,exact_HLG_theory
0.62000000,43.6088638474,44.9345077815,44.6752950395,44.6752950395,exact_HLG_theory
0.64000000,43.9157738796,45.2375850571,44.9860362905,44.9860362905,exact_HLG_theory
0.66000000,44.2282125584,45.5367995614,45.2989389177,45.2989389177,exact_HLG_theory
0.68000000,44.5423499230,45.8362564660,45.6140179549,45.6140179549,exact_HLG_theory
0.70000000,44.8620070208,46.1379415950,45.9312885401,45.9312885401,exact_HLG_theory
0.72000000,45.1852202867,46.4388820260,46.2507659167,46.2507659167,exact_HLG_theory
0.74000000,45.5086960722,46.7418701257,46.5724654342,46.5724654342,exact_HLG_theory
0.76000000,45.8313611752,47.0482979370,46.8964025488,46.8964025488,exact_HLG_theory
0.78000000,46.1543774734,47.3547581384,47.2225928242,47.2225928242,exact_HLG_theory
0.80000000,46.4823019136,47.6650102312,47.5510519324,47.5510519324,exact_HLG_theory
0.82000000,46.8155768525,47.9798524771,47.8817956543,47.8817956543,exact_HLG_theory
0.84000000,47.1499775330,48.2991763367,48.2148398808,48.2148398808,exact_HLG_theory
0.86000000,47.4887874721,48.6229004017,48.5502006131,48.5502006131,exact_HLG_theory
0.88000000,47.8306160395,48.9509703957,48.8878939637,48.8878939637,exact_HLG_theory
0.90000000,48.1758826969,49.2832001112,49.2279361573,49.2279361573,exact_HLG_theory
0.92000000,48.5124168124,49.6156746479,49.5703435315,49.5703435315,exact_HLG_theory
0.94000000,48.8455369319,49.9488166730,49.9151325372,49.9151325372,exact_HLG_theory
0.96000000,49.1794857490,50.2877098111,50.2610925950,50.2610925950,exact_HLG_theory
0.98000000,49.5128348979,50.6338532517,50.6053056741,50.6053056741,exact_HLG_theory
1.00000000,49.8401112557,50.9751218075,50.9476877923,50.9476877923,exact_HLG_theory
1.02000000,50.1629358931,51.3040267205,51.2882831362,51.2882831362,exact_HLG_theory
1.04000000,50.4764235374,51.6320559676,51.6271344778,51.6271344778,exact_HLG_theory
1.06000000,50.7833042953,51.9632416185,51.9642832328,51.9642832328,exact_HLG_theory
1.08000000,51.1061646314,52.2953876382,52.2997695170,52.2997695170,exact_HLG_theory
1.10000000,51.4435970228,52.6202653676,52.6336321990,52.6336321990,exact_HLG_theory
1.12000000,51.7825693290,52.9434333213,52.9659089507,52.9659089507,exact_HLG_theory
1.14000000,52.1218821156,53.2719638032,53.2966362951,53.2966362951,exact_HLG_theory
1.16000000,52.4567032484,53.5999203562,53.6258496518,53.6258496518,exact_HLG_theory
1.18000000,52.7875615853,53.9287220671,53.9535833799,53.9535833799,exact_HLG_theory
1.20000000,53.1178367850,54.2522122305,54.2798708196,54.2798708196,exact_HLG_theory
1.22000000,53.4423167058,54.5698044992,54.6047443311,54.6047443311,exact_HLG_theory
1.24000000,53.7697964951,54.8880599114,54.9282353319,54.9282353319,exact_HLG_theory
1.26000000,54.0944644400,55.2074678390,55.2503743324,55.2503743324,exact_HLG_theory
1.28000000,54.4204372202,55.5259340214,55.5711909695,55.5711909695,exact_HLG_theory
1.30000000,54.7474651798,55.8435022526,55.8907140394,55.8907140394,exact_HLG_theory
1.32000000,55.0687239211,56.1597140383,56.2089715280,56.2089715280,exact_HLG_theory
1.34000000,55.3868952765,56.4779841774,56.5259906404,56.5259906404,exact_HLG_theory
1.36000000,55.7025487135,56.7964067313,56.8417978290,56.8417978290,exact_HLG_theory
1.38000000,56.0193852892,57.1133967520,57.1564188206,57.1564188206,exact_HLG_theory
1.40000000,56.3356882165,57.4330442132,57.4698786415,57.4698786415,exact_HLG_theory
1.42000000,56.6561134516,57.7525574365,57.7822016427,57.7822016427,exact_HLG_theory
1.44000000,56.9749719199,58.0708672667,58.0934115226,58.0934115226,exact_HLG_theory
1.46000000,57.2926426180,58.3915720402,58.4035313502,58.4035313502,exact_HLG_theory
1.48000000,57.6056193690,58.7090644154,58.7125835862,58.7125835862,exact_HLG_theory
1.50000000,57.9254229859,59.0265623394,59.0205901035,59.0205901035,exact_HLG_theory
1.52000000,58.2341193490,59.3388541067,59.3275722071,59.3275722071,exact_HLG_theory
1.54000000,58.5453347087,59.6519162768,59.6335506530,59.6335506530,exact_HLG_theory
1.56000000,58.8576987341,59.9691593688,59.9385456662,59.9385456662,exact_HLG_theory
1.58000000,59.1679499979,60.2815336717,60.2425769582,60.2425769582,exact_HLG_theory
1.60000000,59.4764629415,60.5849810056,60.5456637435,60.5456637435,exact_HLG_theory
1.62000000,59.7835544998,60.8840976487,60.8478247559,60.8478247559,exact_HLG_theory
1.64000000,60.0908576085,61.1837004207,61.1490782635,61.1490782635,exact_HLG_theory
1.66000000,60.4033124232,61.4787286011,61.4494420835,61.4494420835,exact_HLG_theory
1.68000000,60.7210085157,61.7661554796,61.7489335969,61.7489335969,exact_HLG_theory
1.70000000,61.0413710046,62.0532223285,62.0475697612,62.0475697612,exact_HLG_theory
1.72000000,61.3624832663,62.3407311213,62.3453671244,62.3453671244,exact_HLG_theory
1.74000000,61.6826534597,62.6302172092,62.6423418370,62.6423418370,exact_HLG_theory
1.76000000,62.0043352284,62.9166071742,62.9385096643,62.9385096643,exact_HLG_theory
1.78000000,62.3302032833,63.2001959620,63.2338859980,63.2338859980,exact_HLG_theory
1.80000000,62.6581198213,63.4783667165,63.5284858676,63.5284858676,exact_HLG_theory
1.82000000,62.9854515853,63.7596430645,63.8223239509,63.8223239509,exact_HLG_theory
1.84000000,63.3204583045,64.0444830642,64.1154145847,64.1154145847,exact_HLG_theory
1.86000000,63.6591609945,64.3272804669,64.4077717746,64.4077717746,exact_HLG_theory
1.88000000,64.0023286901,64.6062431536,64.6994092047,64.6994092047,exact_HLG_theory
1.90000000,64.3464996691,64.8856213459,64.9903402468,64.9903402468,exact_HLG_theory
1.92000000,64.6911873449,65.1648148188,65.2805779699,65.2805779699,exact_HLG_theory
1.94000000,65.0414314898,65.4432249565,65.5701351480,65.5701351480,exact_HLG_theory
1.96000000,65.3950202155,65.7214416502,65.8590242692,65.8590242692,exact_HLG_theory
1.98000000,65.7506200920,66.0000547911,66.1472575432,66.1472575432,exact_HLG_theory
2.00000000,66.1175526573,66.2834755007,66.4348469095,66.4348469095,exact_HLG_theory
2.02000000,66.4916592121,66.5672780815,66.7218040446,66.7218040446,exact_HLG_theory
2.04000000,66.8624316689,66.8520232836,67.0081403695,67.0081403695,exact_HLG_theory
2.06000000,67.2327467515,67.1421364522,67.2938670564,67.2938670564,exact_HLG_theory
2.08000000,67.6059205040,67.4275223088,67.5789950357,67.5789950357,exact_HLG_theory
2.10000000,67.9754572482,67.7125800371,67.8635350025,67.8635350025,exact_HLG_theory
2.12000000,68.3346617035,67.9929610653,68.1474974227,68.1474974227,exact_HLG_theory
2.14000000,68.6898934695,68.2730437947,68.4308925394,68.4308925394,exact_HLG_theory
2.16000000,69.0360405550,68.5535035450,68.7137303787,68.7137303787,exact_HLG_theory
2.18000000,69.3741317263,68.8326465123,68.9960207553,68.9960207553,exact_HLG_theory
2.20000000,69.7033612877,69.1102210228,69.2777732782,69.2777732782,exact_HLG_theory
2.22000000,70.0230731037,69.3881773540,69.5589973558,69.5589973558,exact_HLG_theory
2.24000000,70.3327605982,69.6678903694,69.8397022014,69.8397022014,exact_HLG_theory
2.26000000,70.6320667552,69.9445936248,70.1198968380,70.1198968380,exact_HLG_theory
2.28000000,70.9207841182,70.2223629613,70.3995901032,70.3995901032,exact_HLG_theory
2.30000000,71.1988547905,70.5062301584,70.6787906538,70.6787906538,exact_HLG_theory
2.32000000,71.4663704352,70.7871924310,70.9575069704,70.9575069704,exact_HLG_theory
2.34000000,71.7235722754,71.0680404993,71.2357473622,71.2357473622,exact_HLG_theory
2.36000000,71.9708510935,71.3472771901,71.5135199705,71.5135199705,exact_HLG_theory
2.38000000,72.2087472320,71.6228519446,71.7908327735,71.7908327735,exact_HLG_theory
2.40000000,72.4379505931,71.9000032813,72.0676935901,72.0676935901,exact_HLG_theory
2.42000000,72.6593006387,72.1765976753,72.3441100836,72.3441100836,exact_HLG_theory
2.44000000,72.8737863905,72.4533533499,72.6200897659,72.6200897659,exact_HLG_theory
2.46000000,73.0828350298,72.7273573877,72.8956400008,72.8956400008,exact_HLG_theory
2.48000000,73.2845669739,73.0015868537,73.1707680076,73.1707680076,exact_HLG_theory
2.50000000,73.4821114901,73.2756762405,73.4454808648,73.4454808648,exact_HLG_theory
2.52000000,73.6781495848,73.5502239120,73.7197855132,73.6729479248,smooth_measured_rolloff
2.54000000,73.8731091698,73.8294066955,73.9936887592,73.8839729024,smooth_measured_rolloff
2.56000000,74.0734147132,74.1130772538,74.2671972780,74.0861644034,smooth_measured_rolloff
2.58000000,74.2812717244,74.3927080461,74.5403176167,74.2871310336,smooth_measured_rolloff
2.60000000,74.4944813988,74.6778425067,74.8130561973,74.4944813988,smooth_measured_rolloff
2.62000000,74.7029198394,74.9626075611,75.0854193192,74.7074499596,smooth_measured_rolloff
2.64000000,74.9168488838,75.2458819771,75.3574131629,74.9209851281,smooth_measured_rolloff
2.66000000,75.1332091160,75.5284734780,75.6290437916,75.1362664377,smooth_measured_rolloff
2.68000000,75.3542799254,75.8059075608,75.9003171547,75.3544734219,smooth_measured_rolloff
2.70000000,75.5767856141,76.0834646913,76.1712390902,75.5767856141,smooth_measured_rolloff
2.72000000,75.8047397951,76.3641543680,76.4418153269,75.8036739128,smooth_measured_rolloff
2.74000000,76.0374371459,76.6452137071,76.7120514872,76.0344842477,smooth_measured_rolloff
2.76000000,76.2730559415,76.9302205776,76.9819530894,76.2687086983,smooth_measured_rolloff
2.78000000,76.5083077508,77.2172076541,77.2515255496,76.5058393442,smooth_measured_rolloff
2.80000000,76.7453682653,77.5023193262,77.5207741847,76.7453682653,smooth_measured_rolloff
2.82000000,76.9871414831,77.7865014430,77.7897042140,76.9883597543,smooth_measured_rolloff
2.84000000,77.2327739001,78.0653808210,78.0583207615,77.2352349655,smooth_measured_rolloff
2.86000000,77.4814217022,78.3395519589,78.3266288579,77.4845212712,smooth_measured_rolloff
2.88000000,77.7322507650,78.6123263635,78.5946334429,77.7347460433,smooth_measured_rolloff
2.90000000,77.9844366540,78.8793308516,78.8623393669,77.9844366540,smooth_measured_rolloff
2.92000000,78.2371646242,79.1403220880,79.1297513928,78.2349794790,smooth_measured_rolloff
2.94000000,78.4896296209,79.4008754840,79.3968741981,78.4873583006,smooth_measured_rolloff
2.96000000,78.7410362786,79.6573257958,79.6637123769,78.7394966003,smooth_measured_rolloff
2.98000000,78.9905989220,79.9081848460,79.9302704410,78.9893178598,smooth_measured_rolloff
3.00000000,79.2347455608,80.1596500805,80.1965528224,79.2347455608,smooth_measured_rolloff
3.02000000,79.4753088845,80.4117141989,80.4625638744,79.4759669574,smooth_measured_rolloff
3.04000000,79.7161603330,80.6685339738,80.7283078735,79.7144542825,smooth_measured_rolloff
3.06000000,79.9531996523,80.9228886482,80.9937890210,79.9500584855,smooth_measured_rolloff
3.08000000,80.1840233721,81.1790357708,81.2590114445,80.1826305159,smooth_measured_rolloff
3.10000000,80.4120213231,81.4367405455,81.5239791993,80.4120213231,smooth_measured_rolloff
3.12000000,80.6366391651,81.6976670378,81.7886962700,80.6387769106,smooth_measured_rolloff
3.14000000,80.8575085603,81.9586577832,82.0531665722,80.8630942956,smooth_measured_rolloff
3.16000000,81.0811105576,82.2156345441,82.3173939534,81.0843009481,smooth_measured_rolloff
3.18000000,81.3023140654,82.4678213940,82.5813821945,81.3017243381,smooth_measured_rolloff
3.20000000,81.5146919356,82.7293670673,82.8451350116,81.5146919356,smooth_measured_rolloff
3.22000000,81.7233841006,82.9872495542,83.1086560566,81.7228890480,smooth_measured_rolloff
3.24000000,81.9295892882,83.2416012569,83.3719489191,81.9269381705,smooth_measured_rolloff
3.26000000,82.1295343722,83.5004542946,83.6350171273,82.1275725553,smooth_measured_rolloff
3.28000000,82.3278519556,83.7609793238,83.8978641493,82.3255254544,smooth_measured_rolloff
3.30000000,82.5215301198,84.0266719618,84.1604933941,82.5215301198,smooth_measured_rolloff
3.32000000,82.7146437458,84.2934539711,84.4229082131,82.7151492470,smooth_measured_rolloff
3.34000000,82.9049408084,84.5600267034,84.6851119012,82.9059655727,smooth_measured_rolloff
3.36000000,83.0936547717,84.8321302623,84.9471076974,83.0947424112,smooth_measured_rolloff
3.38000000,83.2799897449,85.1048511505,85.2088987865,83.2822430768,smooth_measured_rolloff
3.40000000,83.4692308837,85.3748320995,85.4704882999,83.4692308837,smooth_measured_rolloff
3.42000000,83.6578266600,85.6383272726,85.7318793165,83.6558574840,smooth_measured_rolloff
3.44000000,83.8434439891,85.8971360275,85.9930748640,83.8416275878,smooth_measured_rolloff
3.46000000,84.0264761319,86.1590354790,86.2540779195,84.0263340965,smooth_measured_rolloff
3.48000000,84.2094605816,86.4212186779,86.5148914108,84.2097699113,smooth_measured_rolloff
3.50000000,84.3917279337,86.6783511554,86.7755182172,84.3917279337,smooth_measured_rolloff
3.52000000,84.5736396763,86.9338807172,87.0359611705,84.5716954916,smooth_measured_rolloff
3.54000000,84.7539686831,87.1916471714,87.2962230557,84.7498345380,smooth_measured_rolloff
3.56000000,84.9311367795,87.4475953099,87.5563066120,84.9269499116,smooth_measured_rolloff
3.58000000,85.1057338566,87.7012168109,87.8162145338,85.1038464509,smooth_measured_rolloff
3.60000000,85.2813289946,87.9554028424,88.0759494712,85.2813289946,smooth_measured_rolloff
3.62000000,85.4624631010,88.2145498501,88.3355140311,85.4599616254,smooth_measured_rolloff
3.64000000,85.6439915687,88.4757789125,88.5949107781,85.6392078187,smooth_measured_rolloff
3.66000000,85.8201489915,88.7361247637,88.8541422347,85.8182215018,smooth_measured_rolloff
3.68000000,85.9970871695,88.9982580351,89.1132108829,85.9961566022,smooth_measured_rolloff
3.70000000,86.1721670473,89.2593075039,89.3721191641,86.1721670473,smooth_measured_rolloff
3.72000000,86.3418295446,89.5152932477,89.6308694806,86.3461579603,smooth_measured_rolloff
3.74000000,86.5198649946,89.7693413260,89.8894641959,86.5187188793,smooth_measured_rolloff
3.76000000,86.6965504387,90.0210442519,90.1479056352,86.6900303538,smooth_measured_rolloff
3.78000000,86.8638476525,90.2720861626,90.4061960867,86.8602729333,smooth_measured_rolloff
3.80000000,87.0296271674,90.5241441136,90.6643378017,87.0296271674,smooth_measured_rolloff
3.82000000,87.1935655984,90.7763108224,90.9223329957,87.1976776207,smooth_measured_rolloff
3.84000000,87.3577644753,91.0295634268,91.1801838486,87.3643185451,smooth_measured_rolloff
3.86000000,87.5278938516,91.2870647025,91.4378925058,87.5301950205,smooth_measured_rolloff
3.88000000,87.6957229573,91.5422207971,91.6954610784,87.6959521270,smooth_measured_rolloff
3.90000000,87.8622349444,91.8006711528,91.9528916442,87.8622349444,smooth_measured_rolloff
3.92000000,88.0284129650,92.0571408464,92.2101862477,88.0286106914,smooth_measured_rolloff
3.94000000,88.1952401710,92.3173749407,92.4673469016,88.1946494520,smooth_measured_rolloff
3.96000000,88.3620828780,92.5773935132,92.7243755864,88.3610006051,smooth_measured_rolloff
3.98000000,88.5287985078,92.8357364385,92.9812742516,88.5283135294,smooth_measured_rolloff
4.00000000,88.6972376036,93.0940872837,93.2380448160,88.6972376036,smooth_measured_rolloff
4.02000000,88.8649309893,93.3528700718,93.4946891682,88.8681309133,smooth_measured_rolloff
4.04000000,89.0347962622,93.6124253091,93.7512091674,89.0405816943,smooth_measured_rolloff
4.06000000,89.2071284510,93.8691630858,94.0076066435,89.2140845506,smooth_measured_rolloff
4.08000000,89.3840716866,94.1225108708,94.2638833979,89.3881340862,smooth_measured_rolloff
4.10000000,89.5622249052,94.3757305260,94.5200412040,89.5622249052,smooth_measured_rolloff
4.12000000,89.7407904092,94.6299512016,94.7760818073,89.7375339237,smooth_measured_rolloff
4.14000000,89.9151902017,94.8871869716,95.0320069265,89.9144001509,smooth_measured_rolloff
4.16000000,90.0878663041,95.1427960332,95.2878182535,90.0910613303,smooth_measured_rolloff
4.18000000,90.2617842278,95.4000765030,95.5435174539,90.2657552057,smooth_measured_rolloff
4.20000000,90.4367195207,95.6618625040,95.7991061677,90.4367195207,smooth_measured_rolloff
4.22000000,90.6084329099,95.9314311745,96.0545860094,90.6049661287,smooth_measured_rolloff
4.24000000,90.7741014693,96.2007604269,96.3099585688,90.7717598718,smooth_measured_rolloff
4.26000000,90.9365549779,96.4736676285,96.5652254110,90.9357179764,smooth_measured_rolloff
4.28000000,91.0966525732,96.7473211413,96.8203880772,91.0954576691,smooth_measured_rolloff
4.30000000,91.2495961761,97.0175703595,97.0754480848,91.2495961761,smooth_measured_rolloff
4.32000000,91.3983883938,97.2855461602,97.3304069280,91.3986924004,smooth_measured_rolloff
4.34000000,91.5451148884,97.5496282095,97.5852660782,91.5439822976,smooth_measured_rolloff
4.36000000,91.6844453248,97.8025830600,97.8400269843,91.6850986728,smooth_measured_rolloff
4.38000000,91.8162281550,98.0467480838,98.0946910728,91.8216743311,smooth_measured_rolloff
4.40000000,91.9533420778,98.2809028387,98.3492597489,91.9533420778,smooth_measured_rolloff
4.42000000,92.0806512434,98.5035698694,98.6037343960,92.0799906149,smooth_measured_rolloff
4.44000000,92.2086478290,98.7094792090,98.8581163767,92.2022214262,smooth_measured_rolloff
4.46000000,92.3296636305,98.9008933819,99.1124070328,92.3207364893,smooth_measured_rolloff
4.48000000,92.4408295581,99.0737105997,99.3666076859,92.4362377815,smooth_measured_rolloff
4.50000000,92.5494272806,99.2300426360,99.6207196374,92.5494272806,smooth_measured_rolloff
4.52000000,92.6575693498,99.3669558808,99.8747441691,92.6595523840,smooth_measured_rolloff
4.54000000,92.7652341502,99.4864113571,100.1286825434,92.7662982213,smooth_measured_rolloff
4.56000000,92.8694841309,99.5866436332,100.3825360037,92.8710233678,smooth_measured_rolloff
4.58000000,92.9747321547,99.6715252233,100.6363057747,92.9750863989,smooth_measured_rolloff
4.60000000,93.0798458899,99.7402018860,100.8899930626,93.0798458899,smooth_measured_rolloff
4.62000000,93.1822866319,99.7902627992,101.1435990554,93.1851035598,smooth_measured_rolloff
4.64000000,93.2861770969,99.8219997635,101.3971249233,93.2899547186,smooth_measured_rolloff
4.66000000,93.3930876464,99.8387394536,101.6505718191,93.3946983281,smooth_measured_rolloff
4.68000000,93.5009778262,99.8479134585,101.9039408781,93.4996333502,smooth_measured_rolloff
4.70000000,93.6050587467,99.8492947468,102.1572332188,93.6050587467,smooth_measured_rolloff
4.72000000,93.7101769627,99.8406773268,102.4104499428,93.7110038324,smooth_measured_rolloff
4.74000000,93.8153093589,99.8272659080,102.6635921355,93.8172713298,smooth_measured_rolloff
4.76000000,93.9223902995,99.8102415419,102.9166608657,93.9238203123,smooth_measured_rolloff
4.78000000,94.0302685277,99.7943129358,103.1696571868,94.0306098532,smooth_measured_rolloff
4.80000000,94.1375990260,99.7805103904,103.4225821361,94.1375990260,smooth_measured_rolloff
4.82000000,94.2477681954,99.7703411090,103.6754367357,94.2455468900,smooth_measured_rolloff
4.84000000,94.3528314682,99.7620613539,103.9282219923,94.3544819448,smooth_measured_rolloff
4.86000000,94.4604018804,99.7609595429,104.1809388980,94.4632674238,smooth_measured_rolloff
4.88000000,94.5699130048,99.7609595429,104.4335884299,94.5707665604,smooth_measured_rolloff
4.90000000,94.6758425881,99.7609595429,104.6861715507,94.6758425881,smooth_measured_rolloff
4.92000000,94.7783543271,99.7609595429,104.9386892090,94.7788214818,smooth_measured_rolloff
4.94000000,94.8807726770,99.7609595429,105.1911423392,94.8805230897,smooth_measured_rolloff
4.96000000,94.9805905474,99.7609595429,105.4435318620,94.9805514551,smooth_measured_rolloff
4.98000000,95.0771896592,99.7609595429,105.6958586844,95.0785106216,smooth_measured_rolloff
5.00000000,95.1740046324,99.7609595429,105.9481237002,95.1740046324,smooth_measured_rolloff
5.02000000,95.2647667303,99.7609595429,106.2003277900,95.2669063645,smooth_measured_rolloff
5.04000000,95.3573438441,99.7609595429,106.4524718213,95.3575950027,smooth_measured_rolloff
5.06000000,95.4412916063,99.7609595429,106.7045566490,95.4464340520,smooth_measured_rolloff
5.08000000,95.5302836557,99.7609595429,106.9565831154,95.5337870178,smooth_measured_rolloff
5.10000000,95.6200174050,99.7609595429,107.2085520504,95.6200174050,smooth_measured_rolloff
5.12000000,95.7094429183,99.7609595429,107.4604642719,95.7063667432,smooth_measured_rolloff
5.14000000,95.7956812155,99.7609595429,107.7123205855,95.7926429844,smooth_measured_rolloff
5.16000000,95.8777871340,99.7609595429,107.9641217854,95.8770592674,smooth_measured_rolloff
5.18000000,95.9594056906,99.7609595429,108.2158686538,95.9578287311,smooth_measured_rolloff
5.20000000,96.0331645142,99.7609595429,108.4675619618,96.0331645142,smooth_measured_rolloff
5.22000000,96.1028906180,99.7609595429,108.7192024690,96.1033981816,smooth_measured_rolloff
5.24000000,96.1721755239,99.7609595429,108.9707909241,96.1702035770,smooth_measured_rolloff
5.26000000,96.2348575995,99.7609595429,109.2223280648,96.2338072576,smooth_measured_rolloff
5.28000000,96.2937357759,99.7609595429,109.4738146180,96.2944357808,smooth_measured_rolloff
5.30000000,96.3523157037,99.7609595429,109.7252513001,96.3523157037,smooth_measured_rolloff
5.32000000,96.4133677288,99.7609595429,109.9766388171,96.4086759895,smooth_measured_rolloff
5.34000000,96.4715592343,99.7609595429,110.2279778647,96.4636613224,smooth_measured_rolloff
5.36000000,96.5260989549,99.7609595429,110.4792691284,96.5158718416,smooth_measured_rolloff
5.38000000,96.5695908706,99.7609595429,110.7305132839,96.5639076862,smooth_measured_rolloff
5.40000000,96.6063689954,99.7609595429,110.9817109971,96.6063689954,smooth_measured_rolloff
5.42000000,96.6426044372,99.7609595429,111.2328629241,96.6440846426,smooth_measured_rolloff
5.44000000,96.6743063579,99.7609595429,111.4839697117,96.6788507217,smooth_measured_rolloff
5.46000000,96.7094670543,99.7609595429,111.7350319972,96.7107182029,smooth_measured_rolloff
5.48000000,96.7406570940,99.7609595429,111.9860504086,96.7397380562,smooth_measured_rolloff
5.50000000,96.7659612517,99.7609595429,112.2370255652,96.7659612517,smooth_measured_rolloff
5.52000000,96.7897839800,99.7609595429,112.4879580769,96.7893535888,smooth_measured_rolloff
5.54000000,96.8124504137,99.7609595429,112.7388485451,96.8103947752,smooth_measured_rolloff
5.56000000,96.8299422123,99.7609595429,112.9896975623,96.8299066433,smooth_measured_rolloff
5.58000000,96.8507605478,99.7609595429,113.2405057127,96.8487110257,smooth_measured_rolloff
5.60000000,96.8676297546,99.7609595429,113.4912735719,96.8676297546,smooth_measured_rolloff
5.62000000,96.8848796221,99.7609595429,113.7420017073,96.8867039224,smooth_measured_rolloff
5.64000000,96.9021948477,99.7609595429,113.9926906781,96.9054075804,smooth_measured_rolloff
5.66000000,96.9185690152,99.7609595429,114.2433410356,96.9237120001,smooth_measured_rolloff
5.68000000,96.9396163726,99.7609595429,114.4939533228,96.9415884527,smooth_measured_rolloff
5.70000000,96.9590082095,99.7609595429,114.7445280753,96.9590082095,smooth_measured_rolloff
5.72000000,96.9745875712,99.7609595429,114.9950658209,96.9758378856,smooth_measured_rolloff
5.74000000,96.9872685900,99.7609595429,115.2455670798,96.9920648752,smooth_measured_rolloff
5.76000000,97.0005671352,99.7609595429,115.4960323646,97.0000000000,measured_maximum
5.78000000,97.0131345895,99.7609595429,115.7464621807,97.0000000000,measured_maximum
5.80000000,97.0236833816,99.7609595429,115.9968570264,97.0000000000,measured_maximum
5.82000000,97.0368930920,99.7609595429,116.2472173926,97.0000000000,measured_maximum
5.84000000,97.0452509035,99.7609595429,116.4975437632,97.0000000000,measured_maximum
5.86000000,97.0463614085,99.7609595429,116.7478366155,97.0000000000,measured_maximum
5.88000000,97.0494816128,99.7609595429,116.9980964195,97.0000000000,measured_maximum
5.90000000,97.0525761911,99.7609595429,117.2483236390,97.0000000000,measured_maximum
5.92000000,97.0528777229,99.7609595429,117.4985187306,97.0000000000,measured_maximum
5.94000000,97.0495898509,99.7609595429,117.7486821450,97.0000000000,measured_maximum
5.96000000,97.0418755209,99.7609595429,117.9988143259,97.0000000000,measured_maximum
5.98000000,97.0288569813,99.7609595429,118.2489157111,97.0000000000,measured_maximum
6.00000000,97.0208565042,99.7609595429,118.4989867320,97.0000000000,measured_maximum
6.02000000,97.0178030439,99.7609595429,118.7490278138,97.0000000000,measured_maximum
6.04000000,97.0155919902,99.7609595429,118.9990393757,97.0000000000,measured_maximum
6.06000000,97.0137604870,99.7609595429,119.2490218309,97.0000000000,measured_maximum
6.08000000,97.0123085343,99.7609595429,119.4989755869,97.0000000000,measured_maximum
6.10000000,97.0112361322,99.7609595429,119.7489010451,97.0000000000,measured_maximum
6.12000000,97.0105432805,99.7609595429,119.9987986015,97.0000000000,measured_maximum
6.14000000,97.0102299794,99.7609595429,120.2486686462,97.0000000000,measured_maximum
6.16000000,97.0102962288,99.7609595429,120.4985115640,97.0000000000,measured_maximum
6.18000000,97.0107420286,99.7609595429,120.7483277341,97.0000000000,measured_maximum
6.20000000,97.0115673790,99.7609595429,120.9981175303,97.0000000000,measured_maximum
6.22000000,97.0127722799,99.7609595429,121.2478813212,97.0000000000,measured_maximum
6.24000000,97.0143567314,99.7609595429,121.4976194701,97.0000000000,measured_maximum
6.26000000,97.0163207333,99.7609595429,121.7473323353,97.0000000000,measured_maximum
6.28000000,97.0186642857,99.7609595429,121.9970202697,97.0000000000,measured_maximum
6.30000000,97.0213873887,99.7609595429,122.2466836215,97.0000000000,measured_maximum
6.32000000,97.0244900421,99.7609595429,122.4963227340,97.0000000000,measured_maximum
6.34000000,97.0304092712,99.7609595429,122.7459379453,97.0000000000,measured_maximum
6.36000000,97.0389256933,99.7609595429,122.9955295890,97.0000000000,measured_maximum
6.38000000,97.0455986496,99.7609595429,123.2450979940,97.0000000000,measured_maximum
6.40000000,97.0494910809,99.7609595429,123.4946434845,97.0000000000,measured_maximum
6.42000000,97.0496048824,99.7609595429,123.7441663800,97.0000000000,measured_maximum
6.44000000,97.0448809035,99.7609595429,123.9936669955,97.0000000000,measured_maximum
6.46000000,97.0399441407,99.7609595429,124.2431456418,97.0000000000,measured_maximum
6.48000000,97.0386903530,99.7609595429,124.4926026251,97.0000000000,measured_maximum
6.50000000,97.0386903530,99.7609595429,124.7420382473,97.0000000000,measured_maximum
6.52000000,97.0386903530,99.7609595429,124.9914528061,97.0000000000,measured_maximum
6.54000000,97.0386903530,99.7609595429,125.2408465949,97.0000000000,measured_maximum
6.56000000,97.0386903530,99.7609595429,125.4902199031,97.0000000000,measured_maximum
6.58000000,97.0386903530,99.7609595429,125.7395730159,97.0000000000,measured_maximum
6.60000000,97.0386903530,99.7609595429,125.9889062146,97.0000000000,measured_maximum
6.62000000,97.0386903530,99.7609595429,126.2382197764,97.0000000000,measured_maximum
6.64000000,97.0386903530,99.7609595429,126.4875139748,97.0000000000,measured_maximum
6.66000000,97.0386903530,99.7609595429,126.7367890792,97.0000000000,measured_maximum
6.68000000,97.0386903530,99.7609595429,126.9860453554,97.0000000000,measured_maximum
6.70000000,97.0386903530,99.7609595429,127.2352830654,97.0000000000,measured_maximum
6.72000000,97.0386903530,99.7609595429,127.4845024676,97.0000000000,measured_maximum
6.74000000,97.0386903530,99.7609595429,127.7337038165,97.0000000000,measured_maximum
6.76000000,97.0386903530,99.7609595429,127.9828873633,97.0000000000,measured_maximum
6.78000000,97.0386903530,99.7609595429,128.2320533556,97.0000000000,measured_maximum
6.80000000,97.0386903530,99.7609595429,128.4812020374,97.0000000000,measured_maximum
6.82000000,97.0386903530,99.7609595429,128.7303336495,97.0000000000,measured_maximum
6.84000000,97.0386903530,99.7609595429,128.9794484292,97.0000000000,measured_maximum
6.86000000,97.0386903530,99.7609595429,129.2285466103,97.0000000000,measured_maximum
6.88000000,97.0386903530,99.7609595429,129.4776284237,97.0000000000,measured_maximum
6.90000000,97.0386903530,99.7609595429,129.7266940967,97.0000000000,measured_maximum
6.92000000,97.0386903530,99.7609595429,129.9757438536,97.0000000000,measured_maximum
6.94000000,97.0386903530,99.7609595429,130.2247779155,97.0000000000,measured_maximum
6.96000000,97.0386903530,99.7609595429,130.4737965004,97.0000000000,measured_maximum
6.98000000,97.0386903530,99.7609595429,130.7227998233,97.0000000000,measured_maximum
7.00000000,97.0386903530,99.7609595429,130.9717880962,97.0000000000,measured_maximum
